[
	{
		"name": "Prussian",
		"replaces": "Barracks",
		"uniqueTo": "Prussia",
		"hurryCostModifier": 25,
		"happiness": 2,
		"maintenance": 0,
		"uniques": ["New [Military] units start with [15] Experience [in this city]", "Destroyed when the city is captured"],
		"requiredTech": "Bronze Working"
	},
	{
		"name": "Prussian Academy",
		"replaces": "Military Academy",
		"uniqueTo": "Prussia",
		"hurryCostModifier": 0,
		"maintenance": 0,
		"happiness": 2,
		"requiredBuilding": "Armory",
		"uniques": ["New [Military] units start with [30] Experience [in this city]", "Destroyed when the city is captured"],
		"requiredTech": "Military Science"
	}
]
