[
	{
		"name": "Prussia",
		"leaderName": "Frederick the Great",
		"adjective": ["Prussian"],
		"preferredVictoryType": "Domination",
		
  		"startIntroPart1": "All hail to Frederick the Great king of Germany and its empire! During the ancient era, Germany was a land fragmented in several tribes but already showed great promise as the Roman Empire itself struggled to bend the Germans to its will. Germany, as one nation, was slowly built on the ruins of the Holy Roman Empire, and waited 1871 to be finally unified after the glorious victory on France and Napoleon III. The German people are creative, intelligent, industrious and proven to be talented warriors through history. Despite great catastrophes and failures in the first half of the 20th century, Germany can always rely on its people will and strength to be among the greatest and powerful nations in the world.",
       		"startIntroPart2": "Frederick the Great, glory and power are at the heart of the German nation. Your people are bright, and lend you their iron will to lead Germany once again. Will your new empire shine through the ages of history?",
		
		"declaringWar": "I cannot wait until ye grow even mightier. Therefore, prepare for war!",
		"attacked": "Corrupted villain! We will bring you into the ground!",
		"defeated": "Germany has been destroyed. I weep for the future generations.",
		"introduction": "Guten Tag. In the name of the great German people, I bid you welcome.",
		"neutralHello": "What now?",
		"hateHello": "So, out with it!",
		"tradeRequest": "It would be in your best interest, to carefully consider this proposal.",
		
		"afterPeace": "Very well, all that fighting was getting boring anyway.",
		"tradeRequest": "We bestow you the honor of this trade offer.",

		"outerColor": [16,16,16],
		"innerColor": [255,200,200],
		"uniques": "[+25]% maintenance costs <for [Land] units>", "Damage is ignored when determining unit Strength <for [non-[Air]] units>", "[+1] Movement <for [Land] units>", "[+15]% Strength <for [Land] units>", "[+20]% XP gained from combat"],
		
		"cities": ["Berlin","Hamburg","Munich","Cologne","Frankfurt","Essen","Dortmund","Stuttgart","Düsseldorf","Bremen",
			"Hannover","Duisburg","Leipzig","Dresden","Bonn","Bochum","Bielefeld","Karlsruhe","Gelsenkirchen","Wiesbaden",
			"Münster","Rostock","Chemnitz","Braunschweig","Halle","Mönchengladbach","Kiel","Wuppertal","Freiburg","Hagen",
			"Erfurt","Kaiserslautern","Kassel","Oberhausen","Hamm","Saarbrücken","Krefeld","Pirmasens","Potsdam","Solingen",
			"Osnabrück","Ludwigshafen","Leverkusen","Oldenburg","Neuss","Mülheim","Darmstadt","Herne","Würzburg",
			"Recklinghausen","Göttingen","Wolfsburg","Koblenz","Hildesheim","Erlangen"],
    		"spyNames": ["Johann", "Marlene", "Wilhelm", "Eva", "Heinz", "Horst", "Carl", "Viper", "Albrecht", "Anton"]
	}
]
